text,sentiment
I love this product! It's absolutely amazing and works perfectly.,positive
This is the worst experience I've ever had. Completely terrible.,negative
Just received my package today.,neutral
So happy with my purchase! Highly recommend to everyone!,positive
The service was okay, nothing special.,neutral
Absolutely disgusting customer service. Never buying again.,negative
Beautiful day outside! Life is great!,positive
This movie was so boring and a waste of time.,negative
The weather is cloudy today.,neutral
I'm thrilled with the results! Exceeded all my expectations.,positive
Horrible experience. Staff was rude and unhelpful.,negative
The meeting has been rescheduled to 3pm.,neutral
Can't believe how awesome this new feature is! Game changer!,positive
My order arrived broken. Very disappointed.,negative
Heading to the grocery store later.,neutral
Best day ever! Everything went perfectly!,positive
This food tastes awful, completely inedible.,negative
The train arrives at 6pm.,neutral
Feeling so grateful and blessed today!,positive
This is a scam! Avoid at all costs!,negative
Just read an interesting article online.,neutral
Wonderful service and incredible staff! Will return!,positive
The product stopped working after one day. Useless.,negative
Temperature is 72 degrees today.,neutral
So excited for the upcoming vacation! Can't wait!,positive
Delivery took 3 weeks and item was wrong. Furious.,negative
The report was submitted on time.,neutral
This restaurant deserves every star! Outstanding food!,positive
Rude employees and dirty facilities. Shocking.,negative
The library opens at 9am on weekdays.,neutral
Couldn't be happier with my new phone. Worth every penny!,positive
App keeps crashing. Completely unusable garbage.,negative
The project deadline is Friday.,neutral
Incredible customer support! Fixed my issue instantly!,positive
Lost my luggage and no one cares. Absolutely outrageous.,negative
The office will be closed on Monday.,neutral
This book changed my life! Beautifully written.,positive
Waited 2 hours and never got served. Disgusting.,negative
Meeting notes have been uploaded to the shared drive.,neutral
Amazing concert last night! Best performance of my life!,positive
They charged me twice and won't refund. Total fraud.,negative
The bus route has been updated for next month.,neutral
Just got promoted! So proud of how far I've come!,positive
Product description was misleading. Wasted my money.,negative
The annual report is now available for download.,neutral
Overjoyed with the wedding ceremony! Perfect day!,positive
Terrible quality control. Product fell apart immediately.,negative
The new policy takes effect next quarter.,neutral
Finally found my dream job! So incredibly grateful!,positive
Website is down constantly. Worst tech support ever.,negative
The conference will be held in Chicago.,neutral
This charity event was heartwarming and inspiring!,positive
They ignored all my complaints. Completely unprofessional.,negative
The system update will be deployed tonight.,neutral
Loving every moment of this journey! Life is beautiful!,positive
Disgusting conditions at this hotel. Never again.,negative
The subscription plan includes three user accounts.,neutral
My team is the best! We crushed our targets this quarter!,positive
This airline lost my baggage twice. Absolute chaos.,negative
The new menu will launch next week.,neutral
Grateful for all the support from friends and family!,positive
Bought defective item and company won't respond. Furious!,negative
The invoice has been sent to your email.,neutral
Woke up feeling amazing and full of energy today!,positive
Shocking levels of incompetence. Avoid this company!,negative
The presentation slides are attached for review.,neutral
Just finished my first marathon! Dreams do come true!,positive
Product is nothing like advertised. Complete rip-off.,negative
The facility will undergo maintenance this weekend.,neutral
Blessed to have such incredible people in my life!,positive
Rude, dismissive, and completely unhelpful staff.,negative
The quarterly results will be released on Thursday.,neutral
So proud of my kids! They're growing up so wonderfully!,positive
The app is buggy and drains battery. Terrible.,negative
The seminar registration is now open.,neutral
This spa experience was absolutely divine! Relaxing bliss!,positive
Multiple billing errors and zero accountability.,negative
The terms and conditions have been updated.,neutral
Thrilled to announce my engagement! Happiest day ever!,positive
Poor workmanship and overpriced. Terrible value.,negative
The shipping address has been confirmed.,neutral
Nothing makes me happier than spending time with family.,positive
Customer service hung up on me. Unbelievable.,negative
The document requires your signature by end of day.,neutral
Bursting with joy after finishing my first novel!,positive
Waited weeks only to receive the wrong item. Awful.,negative
The workshop has been postponed until further notice.,neutral
This community has given me so much hope and joy!,positive
Product quality has drastically declined. Very disappointing.,negative
The budget report is due at the end of the month.,neutral
Absolutely glowing after my yoga retreat! Transformed!,positive
They deleted my account without warning. Horrible.,negative
The parking lot will be closed for resurfacing.,neutral
So touched by all the birthday messages from friends!,positive
This is hands down the worst app I've ever used.,negative
The new software version is available for download.,neutral
Life is full of surprises and I'm loving every bit!,positive
Faulty product and refuses to honor warranty. Disgraceful.,negative
The event schedule has been finalized.,neutral
Heart full of gratitude after an amazing year of growth!,positive
Never received my refund despite multiple requests.,negative
The network will be down for maintenance Sunday night.,neutral
Woke up to sunshine and good news — what a day!,positive
This subscription service is a total money trap.,negative
The feedback form is available on the website.,neutral
